Joannie,Koepp,1968,aileen.howe@harvey.biz,29,false
Frederick,Aufderhar,1972,efren_vandervort@bernierzemlak.biz,15,true
Markus,Marks,1991,christop@blickjones.org,6,true
Alexandrine,Grady,1966,karlee@armstrongpollich.net,88,false
Noemi,Metz,1972,tobin_lowe@carroll.biz,15,true
Tressie,Schmidt,1967,dorcas@weinatstark.org,37,true
Lindsay,Schumm,1982,nella@schowalter.biz,25,true
Cara,Farrell,1997,sasha_ratke@bartell.info,55,false
Herminio,Armstrong,1990,branson_trantow@hegmannharvey.net,75,true
Tiffany,Nolan,1990,austyn.stokes@armstrong.net,10,true
Monty,Dietrich,1980,noemie@lowe.biz,78,true
Zena,Hagenes,1969,judge.langosh@dietrich.name,19,false
Jamaal,Schneider,1977,michael.dubuque@kochhintz.biz,76,true
Reva,Prohaska,1992,burnice@moen.name,64,true
Brennan,Lemke,1988,velda.keler@heaney.info,18,true
Camren,Ratke,1969,jack.schuster@blanda.biz,70,false
Selena,Little,1977,lavonne_mayer@wuckert.name,76,true
Shanna,Kozey,1986,brooke_hand@wunsch.info,86,false
Zion,Botsford,1977,arne.kling@hilllbartoletti.org,98,false
Loma,Hoppe,1980,rubie.thompson@tromp.net,64,true
Princess,West,1991,conor@lynch.com,47,false
Heather,Dickens,1965,ian@hand.info,56,true
Weston,Bartoletti,1970,dallas_harvey@reichelmohr.com,6,true
Kole,Bartell,1975,koby@kautzergerhold.name,62,true
Nick,Murazik,1989,annabelle_tromp@terry.name,98,true
Heather,Boehm,1972,florence_stokes@glovercorwin.name,76,false
Donnie,Wilkinson,1966,kaden_swaniawski@huels.biz,82,true
Waldo,Barrows,1972,hector@oconnellhansen.net,69,true
Martina,Cole,1978,ania@dare.name,41,true
Maureen,Bailey,1996,neal_thiel@connelly.biz,15,true
Royce,Hoeger,1974,clyde@mclaughlin.net,39,true
Glen,Raynor,1978,keely_toy@kautzersatterfield.com,59,true
Kane,Friesen,1985,ezra@padbergwuckert.biz,81,true
Wilhelmine,Dicki,1976,elise@spencer.com,43,false
George,Boehm,1985,sabrina@grimes.info,97,false
Sean,Zemlak,1976,jacey_sawayn@stroman.name,43,true
Lessie,McKenzie,1976,muriel.satterfield@schmelerstokes.name,100,true
Mia,Hills,1977,precious_kautzer@jacobs.org,93,true
Walton,Moen,1976,paige.goldner@maggio.net,22,true
Brook,Halvorson,1968,torey@schuster.org,18,true
Salma,Zulauf,1966,norberto_prohaska@corwin.biz,21,true
May,Lowe,1987,charlie_fay@boyle.net,50,true
Lily,Heidenreich,1993,ward@streich.name,72,true
Casimir,Schroeder,1990,amani@bayer.com,10,true
Joshua,Leuschke,1973,alvis.huel@ortizkuhlman.biz,34,false
Sarah,Koch,1973,althea@kohler.com,1,false
Rachelle,Stoltenberg,1996,doris@kozey.biz,35,true
Simone,Torphy,1986,alvis@lynch.org,1,true
Victoria,Schmidt,1986,grover.goyette@watsica.name,25,false
Danyka,Ledner,1980,adrian@okunevaheathcote.info,59,true
Macy,Reichel,1965,freida.pollich@lowemetz.info,84,true
Dayana,Hermann,1990,kayley_kozey@stokesdare.biz,67,true
Johathan,Schmidt,1974,ellen.bartell@sauer.biz,61,true
Madalyn,Fadel,1980,katarina@bashirianwill.info,56,true
Oswaldo,Bergnaum,1994,rhiannon@olson.biz,8,true
Hellen,Streich,1995,conor@schamberger.biz,92,true
Dominique,Pouros,1988,greta@breitenberg.com,45,true
Lexus,Reichert,1967,murl_wiegand@rodriguez.info,51,false
Shayne,Hilpert,1974,danika@becker.com,100,true
Pearline,Gerlach,1973,chelsie@dubuquewalsh.name,98,true
Katelynn,Wyman,1971,madisyn@heidenreich.info,90,false
Loyal,Schulist,1988,freeda.crist@spinkadamore.com,77,true
Sylvester,Reilly,1978,emily@mayerbuckridge.biz,98,true
Melvina,McCullough,1970,garfield@cummings.name,77,true
Albertha,Auer,1966,soledad.murphy@waters.info,89,false
Alexander,Adams,1989,jenifer_crist@schuster.info,22,true
Georgianna,Murazik,1965,tyler.runte@welchmohr.name,56,false
Vada,Yundt,1985,ernestina@pfannerstillvonrueden.net,5,true
Cesar,Heathcote,1985,makayla@lindgren.name,49,false
Kamron,Harris,1991,jamar@ankunding.com,8,false
Martine,Cassin,1989,athena@macejkovic.info,84,true
Gabrielle,Bayer,1987,mason_jacobson@gutmannrogahn.info,29,true
Laverne,Huels,1980,frederic@borer.net,7,true
Nathanael,O'Connell,1987,lloyd.wehner@lubowitz.info,54,true
Antonette,Hintz,1977,prince_nitzsche@gutkowskilarkin.net,81,false
Misty,Quitzon,1995,winston.ratke@ruecker.name,81,false
Timmothy,Donnelly,1965,karson.mohr@daugherty.name,35,false
Pink,Kuhn,1972,ethel@nienow.com,63,true
Braden,Fisher,1965,gunner_wiegand@emarddibbert.org,26,true
Carissa,Corwin,1967,heloise.schuster@lehnereffertz.org,77,true
Breanne,Baumbach,1985,dasia@oberbrunner.name,83,true
Kali,Bednar,1981,lydia_gislason@williamsongaylord.name,24,false
Ofelia,Haag,1985,kellen_macejkovic@botsfordoreilly.biz,55,true
Elna,Feeney,1996,liana.rohan@hammes.biz,24,true
Maddison,Conn,1986,nathan.zieme@ankundingolson.biz,52,false
Hiram,Gutkowski,1979,madie_skiles@klocko.biz,96,true
Myrtle,Reichert,1995,loraine.barton@beiermacgyver.info,98,true
Sandy,Hane,1997,aniya@frami.info,84,true
Telly,Schoen,1976,roselyn.emmerich@hansen.biz,30,true
Darrin,Medhurst,1986,murphy@blanda.com,99,false
Deon,Dare,1965,electa.hane@johnshaag.biz,44,false
Travon,Cummings,1968,tabitha@bogisich.net,41,false
Joy,Klocko,1973,mia.rau@mitchell.name,30,false
Cicero,Watsica,1967,kavon.kulas@koch.net,94,true
Toney,Rolfson,1978,rozella_king@terry.com,75,true
Lambert,Kessler,1996,dakota@hansen.info,100,false
Larissa,Lakin,1974,courtney@stamm.org,100,false
Reilly,Wunsch,1981,maddison_hodkiewicz@dach.net,65,true
Flossie,Turner,1992,frederic@deckow.net,50,true
Noemi,Leffler,1987,melvin@walter.org,24,true
